time,open,high,low,close
1802-01-01,1.29,1.29,1.29,1.29
1803-01-03,1.29,1.29,1.29,1.29
1804-01-02,1.29,1.29,1.29,1.29
1805-01-01,1.29,1.29,1.29,1.29
1808-01-01,1.29,1.29,1.29,1.29
1809-01-02,1.29,1.29,1.29,1.29
1810-01-01,1.29,1.29,1.29,1.29
1811-01-01,1.29,1.29,1.29,1.29
1813-01-01,1.29,1.29,1.29,1.29
1814-01-03,1.45,1.45,1.45,1.45
1815-01-02,1.48,1.48,1.48,1.48
1816-01-01,1.32,1.32,1.32,1.32
1819-01-01,1.29,1.29,1.29,1.29
1820-01-03,1.29,1.29,1.29,1.29
1821-01-01,1.29,1.29,1.29,1.29
1822-01-01,1.29,1.29,1.29,1.29
1825-01-03,1.29,1.29,1.29,1.29
1826-01-02,1.29,1.29,1.29,1.29
1827-01-01,1.29,1.29,1.29,1.29
1828-01-01,1.29,1.29,1.29,1.29
1830-01-01,1.29,1.29,1.29,1.29
1831-01-03,1.29,1.29,1.29,1.29
1832-01-02,1.29,1.29,1.29,1.29
1833-01-01,1.29,1.29,1.29,1.29
1836-01-01,1.29,1.29,1.29,1.29
1837-01-02,1.29,1.29,1.29,1.29
1838-01-01,1.35,1.35,1.35,1.35
1839-01-01,1.3,1.3,1.3,1.3
1841-01-01,1.3,1.3,1.3,1.3
1842-01-03,1.29,1.29,1.29,1.29
1843-01-02,1.29,1.29,1.29,1.29
1844-01-01,1.29,1.29,1.29,1.29
1847-01-01,1.29,1.29,1.29,1.29
1848-01-03,1.29,1.29,1.29,1.29
1849-01-01,1.29,1.29,1.29,1.29
1850-01-01,1.29,1.29,1.29,1.29
1853-01-03,1.29,1.29,1.29,1.29
1854-01-02,1.29,1.29,1.29,1.29
1855-01-01,1.29,1.29,1.29,1.29
1856-01-01,1.29,1.29,1.29,1.29
1858-01-01,1.29,1.29,1.29,1.29
1859-01-03,1.29,1.29,1.29,1.29
1860-01-02,1.29,1.29,1.29,1.29
1861-01-01,1.29,1.29,1.29,1.29
1864-01-01,2.94,2.94,2.94,2.94
1865-01-02,1.89,1.89,1.89,1.89
1866-01-01,1.77,1.77,1.77,1.77
1867-01-01,1.74,1.74,1.74,1.74
1869-01-01,1.57,1.57,1.57,1.57
1870-01-03,1.43,1.43,1.43,1.43
1871-01-02,1.41,1.41,1.41,1.41
1872-01-01,1.45,1.45,1.45,1.45
1875-01-01,1.39,1.39,1.39,1.39
1876-01-03,1.32,1.32,1.32,1.32
1877-01-01,1.21,1.21,1.21,1.21
1878-01-01,1.1,1.1,1.1,1.1
1881-01-03,1.13,1.13,1.13,1.13
1882-01-02,1.1,1.1,1.1,1.1
1883-01-01,1.11,1.11,1.11,1.11
1884-01-01,1.08,1.08,1.08,1.08
1886-01-01,1.01,1.01,1.01,1.01
1887-01-03,0.97,0.97,0.97,0.97
1888-01-02,0.94,0.94,0.94,0.94
1889-01-01,0.96,0.96,0.96,0.96
1892-01-01,0.84,0.84,0.84,0.84
1893-01-02,0.7,0.7,0.7,0.7
1894-01-01,0.62,0.62,0.62,0.62
1895-01-01,0.68,0.68,0.68,0.68
1897-01-01,0.59,0.59,0.59,0.59
1898-01-03,0.6,0.6,0.6,0.6
1899-01-02,0.6,0.6,0.6,0.6
1900-01-01,0.65,0.65,0.65,0.65
1901-01-01,0.56,0.56,0.56,0.56
1904-01-01,0.61,0.61,0.61,0.61
1905-01-02,0.66,0.66,0.66,0.66
1906-01-01,0.7,0.7,0.7,0.7
1907-01-01,0.55,0.55,0.55,0.55
1909-01-01,0.53,0.53,0.53,0.53
1910-01-03,0.55,0.55,0.55,0.55
1911-01-02,0.56,0.56,0.56,0.56
1912-01-01,0.64,0.64,0.64,0.64
1915-01-01,0.56,0.56,0.56,0.56
1915-02-01,0.51,0.51,0.51,0.51
1915-03-01,0.51,0.51,0.51,0.51
1915-04-01,0.51,0.51,0.51,0.51
1915-05-03,0.51,0.51,0.51,0.51
1915-06-01,0.51,0.51,0.51,0.51
1915-07-01,0.51,0.51,0.51,0.51
1915-08-02,0.51,0.51,0.51,0.51
1915-09-01,0.51,0.51,0.51,0.51
1915-10-01,0.51,0.51,0.51,0.51
1915-11-01,0.51,0.51,0.51,0.51
1915-12-01,0.51,0.51,0.51,0.51
1916-01-03,0.67,0.67,0.67,0.67
1916-02-01,0.67,0.67,0.67,0.67
1916-03-01,0.67,0.67,0.67,0.67
1916-04-03,0.67,0.67,0.67,0.67
1916-05-01,0.67,0.67,0.67,0.67
1916-06-01,0.67,0.67,0.67,0.67
1916-07-03,0.67,0.67,0.67,0.67
1916-08-01,0.67,0.67,0.67,0.67
1916-09-01,0.67,0.67,0.67,0.67
1916-10-02,0.67,0.67,0.67,0.67
1916-11-01,0.67,0.67,0.67,0.67
1916-12-01,0.67,0.67,0.67,0.67
1917-01-01,0.84,0.84,0.84,0.84
1917-02-01,0.84,0.84,0.84,0.84
1917-03-01,0.84,0.84,0.84,0.84
1917-04-02,0.84,0.84,0.84,0.84
1917-05-01,0.84,0.84,0.84,0.84
1917-06-01,0.84,0.84,0.84,0.84
1917-07-02,0.84,0.84,0.84,0.84
1917-08-01,0.84,0.84,0.84,0.84
1917-09-03,0.84,0.84,0.84,0.84
1917-10-01,0.84,0.84,0.84,0.84
1917-11-01,0.84,0.84,0.84,0.84
1917-12-03,0.84,0.84,0.84,0.84
1918-01-01,0.98,0.98,0.98,0.98
1918-02-01,0.98,0.98,0.98,0.98
1918-03-01,0.98,0.98,0.98,0.98
1918-04-01,0.98,0.98,0.98,0.98
1918-05-01,0.98,0.98,0.98,0.98
1918-06-03,0.98,0.98,0.98,0.98
1918-07-01,0.98,0.98,0.98,0.98
1918-08-01,0.98,0.98,0.98,0.98
1918-09-02,0.98,0.98,0.98,0.98
1918-10-01,0.98,0.98,0.98,0.98
1918-11-01,0.98,0.98,0.98,0.98
1918-12-02,0.98,0.98,0.98,0.98
1919-01-01,1.13,1.13,1.13,1.13
1919-02-03,1.13,1.13,1.13,1.13
1919-03-03,1.13,1.13,1.13,1.13
1919-04-01,1.13,1.13,1.13,1.13
1919-05-01,1.13,1.13,1.13,1.13
1919-06-02,1.13,1.13,1.13,1.13
1919-07-01,1.13,1.13,1.13,1.13
1919-08-01,1.13,1.13,1.13,1.13
1919-09-01,1.13,1.13,1.13,1.13
1919-10-01,1.13,1.13,1.13,1.13
1919-11-03,1.13,1.13,1.13,1.13
1919-12-01,1.13,1.13,1.13,1.13
1920-01-01,1.03,1.03,1.03,1.03
1920-02-02,1.03,1.03,1.03,1.03
1920-03-01,1.03,1.03,1.03,1.03
1920-04-01,1.03,1.03,1.03,1.03
1920-05-03,1.03,1.03,1.03,1.03
1920-06-01,1.03,1.03,1.03,1.03
1920-07-01,1.03,1.03,1.03,1.03
1920-08-02,1.03,1.03,1.03,1.03
1920-09-01,1.03,1.03,1.03,1.03
1920-10-01,1.03,1.03,1.03,1.03
1920-11-01,1.03,1.03,1.03,1.03
1920-12-01,1.03,1.03,1.03,1.03
1921-01-03,0.63,0.63,0.63,0.63
1921-02-01,0.63,0.63,0.63,0.63
1921-03-01,0.63,0.63,0.63,0.63
1921-04-01,0.63,0.63,0.63,0.63
1921-05-02,0.63,0.63,0.63,0.63
1921-06-01,0.63,0.63,0.63,0.63
1921-07-01,0.63,0.63,0.63,0.63
1921-08-01,0.63,0.63,0.63,0.63
1921-09-01,0.63,0.63,0.63,0.63
1921-10-03,0.63,0.63,0.63,0.63
1921-11-01,0.63,0.63,0.63,0.63
1921-12-01,0.63,0.63,0.63,0.63
1922-01-02,0.68,0.68,0.68,0.68
1922-02-01,0.68,0.68,0.68,0.68
1922-03-01,0.68,0.68,0.68,0.68
1922-04-03,0.68,0.68,0.68,0.68
1922-05-01,0.68,0.68,0.68,0.68
1922-06-01,0.68,0.68,0.68,0.68
1922-07-03,0.68,0.68,0.68,0.68
1922-08-01,0.68,0.68,0.68,0.68
1922-09-01,0.68,0.68,0.68,0.68
1922-10-02,0.68,0.68,0.68,0.68
1922-11-01,0.68,0.68,0.68,0.68
1922-12-01,0.68,0.68,0.68,0.68
1923-01-01,0.65,0.65,0.65,0.65
1923-02-01,0.65,0.65,0.65,0.65
1923-03-01,0.65,0.65,0.65,0.65
1923-04-02,0.65,0.65,0.65,0.65
1923-05-01,0.65,0.65,0.65,0.65
1923-06-01,0.65,0.65,0.65,0.65
1923-07-02,0.65,0.65,0.65,0.65
1923-08-01,0.65,0.65,0.65,0.65
1923-09-03,0.65,0.65,0.65,0.65
1923-10-01,0.65,0.65,0.65,0.65
1923-11-01,0.65,0.65,0.65,0.65
1923-12-03,0.65,0.65,0.65,0.65
1924-01-01,0.67,0.67,0.67,0.67
1924-02-01,0.67,0.67,0.67,0.67
1924-03-03,0.67,0.67,0.67,0.67
1924-04-01,0.67,0.67,0.67,0.67
1924-05-01,0.67,0.67,0.67,0.67
1924-06-02,0.67,0.67,0.67,0.67
1924-07-01,0.67,0.67,0.67,0.67
1924-08-01,0.67,0.67,0.67,0.67
1924-09-01,0.67,0.67,0.67,0.67
1924-10-01,0.67,0.67,0.67,0.67
1924-11-03,0.67,0.67,0.67,0.67
1924-12-01,0.67,0.67,0.67,0.67
1925-01-01,0.69,0.69,0.69,0.69
1925-02-02,0.69,0.69,0.69,0.69
1925-03-02,0.69,0.69,0.69,0.69
1925-04-01,0.69,0.69,0.69,0.69
1925-05-01,0.69,0.69,0.69,0.69
1925-06-01,0.69,0.69,0.69,0.69
1925-07-01,0.69,0.69,0.69,0.69
1925-08-03,0.69,0.69,0.69,0.69
1925-09-01,0.69,0.69,0.69,0.69
1925-10-01,0.69,0.69,0.69,0.69
1925-11-02,0.69,0.69,0.69,0.69
1925-12-01,0.69,0.69,0.69,0.69
1926-01-01,0.62,0.62,0.62,0.62
1926-02-01,0.62,0.62,0.62,0.62
1926-03-01,0.62,0.62,0.62,0.62
1926-04-01,0.62,0.62,0.62,0.62
1926-05-03,0.62,0.62,0.62,0.62
1926-06-01,0.62,0.62,0.62,0.62
1926-07-01,0.62,0.62,0.62,0.62
1926-08-02,0.62,0.62,0.62,0.62
1926-09-01,0.62,0.62,0.62,0.62
1926-10-01,0.62,0.62,0.62,0.62
1926-11-01,0.62,0.62,0.62,0.62
1926-12-01,0.62,0.62,0.62,0.62
1927-01-03,0.57,0.57,0.57,0.57
1927-02-01,0.57,0.57,0.57,0.57
1927-03-01,0.57,0.57,0.57,0.57
1927-04-01,0.57,0.57,0.57,0.57
1927-05-02,0.57,0.57,0.57,0.57
1927-06-01,0.57,0.57,0.57,0.57
1927-07-01,0.57,0.57,0.57,0.57
1927-08-01,0.57,0.57,0.57,0.57
1927-09-01,0.57,0.57,0.57,0.57
1927-10-03,0.57,0.57,0.57,0.57
1927-11-01,0.57,0.57,0.57,0.57
1927-12-01,0.57,0.57,0.57,0.57
1928-01-02,0.58,0.58,0.58,0.58
1928-02-01,0.58,0.58,0.58,0.58
1928-03-01,0.58,0.58,0.58,0.58
1928-04-02,0.58,0.58,0.58,0.58
1928-05-01,0.58,0.58,0.58,0.58
1928-06-01,0.58,0.58,0.58,0.58
1928-07-02,0.58,0.58,0.58,0.58
1928-08-01,0.58,0.58,0.58,0.58
1928-09-03,0.58,0.58,0.58,0.58
1928-10-01,0.58,0.58,0.58,0.58
1928-11-01,0.58,0.58,0.58,0.58
1928-12-03,0.58,0.58,0.58,0.58
1929-01-01,0.53,0.53,0.53,0.53
1929-02-01,0.53,0.53,0.53,0.53
1929-03-01,0.53,0.53,0.53,0.53
1929-04-01,0.53,0.53,0.53,0.53
1929-05-01,0.53,0.53,0.53,0.53
1929-06-03,0.53,0.53,0.53,0.53
1929-07-01,0.53,0.53,0.53,0.53
1929-08-01,0.53,0.53,0.53,0.53
1929-09-02,0.53,0.53,0.53,0.53
1929-10-01,0.53,0.53,0.53,0.53
1929-11-01,0.53,0.53,0.53,0.53
1929-12-02,0.53,0.53,0.53,0.53
1930-01-01,0.38,0.38,0.38,0.38
1930-02-03,0.38,0.38,0.38,0.38
1930-03-03,0.38,0.38,0.38,0.38
1930-04-01,0.38,0.38,0.38,0.38
1930-05-01,0.38,0.38,0.38,0.38
1930-06-02,0.38,0.38,0.38,0.38
1930-07-01,0.38,0.38,0.38,0.38
1930-08-01,0.38,0.38,0.38,0.38
1930-09-01,0.38,0.38,0.38,0.38
1930-10-01,0.38,0.38,0.38,0.38
1930-11-03,0.38,0.38,0.38,0.38
1930-12-01,0.38,0.38,0.38,0.38
1931-01-01,0.29,0.29,0.29,0.29
1931-02-02,0.29,0.29,0.29,0.29
1931-03-02,0.29,0.29,0.29,0.29
1931-04-01,0.29,0.29,0.29,0.29
1931-05-01,0.29,0.29,0.29,0.29
1931-06-01,0.29,0.29,0.29,0.29
1931-07-01,0.29,0.29,0.29,0.29
1931-08-03,0.29,0.29,0.29,0.29
1931-09-01,0.29,0.29,0.29,0.29
1931-10-01,0.29,0.29,0.29,0.29
1931-11-02,0.29,0.29,0.29,0.29
1931-12-01,0.29,0.29,0.29,0.29
1932-01-01,0.28,0.28,0.28,0.28
1932-02-01,0.28,0.28,0.28,0.28
1932-03-01,0.28,0.28,0.28,0.28
1932-04-01,0.28,0.28,0.28,0.28
1932-05-02,0.28,0.28,0.28,0.28
1932-06-01,0.28,0.28,0.28,0.28
1932-07-01,0.28,0.28,0.28,0.28
1932-08-01,0.28,0.28,0.28,0.28
1932-09-01,0.28,0.28,0.28,0.28
1932-10-03,0.28,0.28,0.28,0.28
1932-11-01,0.28,0.28,0.28,0.28
1932-12-01,0.28,0.28,0.28,0.28
1933-01-02,0.35,0.35,0.35,0.35
1933-02-01,0.35,0.35,0.35,0.35
1933-03-01,0.35,0.35,0.35,0.35
1933-04-03,0.35,0.35,0.35,0.35
1933-05-01,0.35,0.35,0.35,0.35
1933-06-01,0.35,0.35,0.35,0.35
1933-07-03,0.35,0.35,0.35,0.35
1933-08-01,0.35,0.35,0.35,0.35
1933-09-01,0.35,0.35,0.35,0.35
1933-10-02,0.35,0.35,0.35,0.35
1933-11-01,0.35,0.35,0.35,0.35
1933-12-01,0.35,0.35,0.35,0.35
1934-01-01,0.48,0.48,0.48,0.48
1934-02-01,0.48,0.48,0.48,0.48
1934-03-01,0.48,0.48,0.48,0.48
1934-04-02,0.48,0.48,0.48,0.48
1934-05-01,0.48,0.48,0.48,0.48
1934-06-01,0.48,0.48,0.48,0.48
1934-07-02,0.48,0.48,0.48,0.48
1934-08-01,0.48,0.48,0.48,0.48
1934-09-03,0.48,0.48,0.48,0.48
1934-10-01,0.48,0.48,0.48,0.48
1934-11-01,0.48,0.48,0.48,0.48
1934-12-03,0.48,0.48,0.48,0.48
1935-01-01,0.64,0.64,0.64,0.64
1935-02-01,0.64,0.64,0.64,0.64
1935-03-01,0.64,0.64,0.64,0.64
1935-04-01,0.64,0.64,0.64,0.64
1935-05-01,0.64,0.64,0.64,0.64
1935-06-03,0.64,0.64,0.64,0.64
1935-07-01,0.64,0.64,0.64,0.64
1935-08-01,0.64,0.64,0.64,0.64
1935-09-02,0.64,0.64,0.64,0.64
1935-10-01,0.64,0.64,0.64,0.64
1935-11-01,0.64,0.64,0.64,0.64
1935-12-02,0.64,0.64,0.64,0.64
1936-01-01,0.45,0.45,0.45,0.45
1936-02-03,0.45,0.45,0.45,0.45
1936-03-02,0.45,0.45,0.45,0.45
1936-04-01,0.45,0.45,0.45,0.45
1936-05-01,0.45,0.45,0.45,0.45
1936-06-01,0.45,0.45,0.45,0.45
1936-07-01,0.45,0.45,0.45,0.45
1936-08-03,0.45,0.45,0.45,0.45
1936-09-01,0.45,0.45,0.45,0.45
1936-10-01,0.45,0.45,0.45,0.45
1936-11-02,0.45,0.45,0.45,0.45
1936-12-01,0.45,0.45,0.45,0.45
1937-01-01,0.45,0.45,0.45,0.45
1937-02-01,0.45,0.45,0.45,0.45
1937-03-01,0.45,0.45,0.45,0.45
1937-04-01,0.45,0.45,0.45,0.45
1937-05-03,0.45,0.45,0.45,0.45
1937-06-01,0.45,0.45,0.45,0.45
1937-07-01,0.45,0.45,0.45,0.45
1937-08-02,0.45,0.45,0.45,0.45
1937-09-01,0.45,0.45,0.45,0.45
1937-10-01,0.45,0.45,0.45,0.45
1937-11-01,0.45,0.45,0.45,0.45
1937-12-01,0.45,0.45,0.45,0.45
1938-01-03,0.43,0.43,0.43,0.43
1938-02-01,0.43,0.43,0.43,0.43
1938-03-01,0.43,0.43,0.43,0.43
1938-04-01,0.43,0.43,0.43,0.43
1938-05-02,0.43,0.43,0.43,0.43
1938-06-01,0.43,0.43,0.43,0.43
1938-07-01,0.43,0.43,0.43,0.43
1938-08-01,0.43,0.43,0.43,0.43
1938-09-01,0.43,0.43,0.43,0.43
1938-10-03,0.43,0.43,0.43,0.43
1938-11-01,0.43,0.43,0.43,0.43
1938-12-01,0.43,0.43,0.43,0.43
1939-01-02,0.39,0.39,0.39,0.39
1939-02-01,0.39,0.39,0.39,0.39
1939-03-01,0.39,0.39,0.39,0.39
1939-04-03,0.39,0.39,0.39,0.39
1939-05-01,0.39,0.39,0.39,0.39
1939-06-01,0.39,0.39,0.39,0.39
1939-07-03,0.39,0.39,0.39,0.39
1939-08-01,0.39,0.39,0.39,0.39
1939-09-01,0.39,0.39,0.39,0.39
1939-10-02,0.39,0.39,0.39,0.39
1939-11-01,0.39,0.39,0.39,0.39
1939-12-01,0.39,0.39,0.39,0.39
1940-01-01,0.35,0.35,0.35,0.35
1940-02-01,0.35,0.35,0.35,0.35
1940-03-01,0.35,0.35,0.35,0.35
1940-04-01,0.35,0.35,0.35,0.35
1940-05-01,0.35,0.35,0.35,0.35
1940-06-03,0.35,0.35,0.35,0.35
1940-07-01,0.35,0.35,0.35,0.35
1940-08-01,0.35,0.35,0.35,0.35
1940-09-02,0.35,0.35,0.35,0.35
1940-10-01,0.35,0.35,0.35,0.35
1940-11-01,0.35,0.35,0.35,0.35
1940-12-02,0.35,0.35,0.35,0.35
1941-01-01,0.35,0.35,0.35,0.35
1941-02-03,0.35,0.35,0.35,0.35
1941-03-03,0.35,0.35,0.35,0.35
1941-04-01,0.35,0.35,0.35,0.35
1941-05-01,0.35,0.35,0.35,0.35
1941-06-02,0.35,0.35,0.35,0.35
1941-07-01,0.35,0.35,0.35,0.35
1941-08-01,0.35,0.35,0.35,0.35
1941-09-01,0.35,0.35,0.35,0.35
1941-10-01,0.35,0.35,0.35,0.35
1941-11-03,0.35,0.35,0.35,0.35
1941-12-01,0.35,0.35,0.35,0.35
1942-01-01,0.38,0.38,0.38,0.38
1942-02-02,0.38,0.38,0.38,0.38
1942-03-02,0.38,0.38,0.38,0.38
1942-04-01,0.38,0.38,0.38,0.38
1942-05-01,0.38,0.38,0.38,0.38
1942-06-01,0.38,0.38,0.38,0.38
1942-07-01,0.38,0.38,0.38,0.38
1942-08-03,0.38,0.38,0.38,0.38
1942-09-01,0.38,0.38,0.38,0.38
1942-10-01,0.38,0.38,0.38,0.38
1942-11-02,0.38,0.38,0.38,0.38
1942-12-01,0.38,0.38,0.38,0.38
1943-01-01,0.45,0.45,0.45,0.45
1943-02-01,0.45,0.45,0.45,0.45
1943-03-01,0.45,0.45,0.45,0.45
1943-04-01,0.45,0.45,0.45,0.45
1943-05-03,0.45,0.45,0.45,0.45
1943-06-01,0.45,0.45,0.45,0.45
1943-07-01,0.45,0.45,0.45,0.45
1943-08-02,0.45,0.45,0.45,0.45
1943-09-01,0.45,0.45,0.45,0.45
1943-10-01,0.45,0.45,0.45,0.45
1943-11-01,0.45,0.45,0.45,0.45
1943-12-01,0.45,0.45,0.45,0.45
1944-01-03,0.45,0.45,0.45,0.45
1944-02-01,0.45,0.45,0.45,0.45
1944-03-01,0.45,0.45,0.45,0.45
1944-04-03,0.45,0.45,0.45,0.45
1944-05-01,0.45,0.45,0.45,0.45
1944-06-01,0.45,0.45,0.45,0.45
1944-07-03,0.45,0.45,0.45,0.45
1944-08-01,0.45,0.45,0.45,0.45
1944-09-01,0.45,0.45,0.45,0.45
1944-10-02,0.45,0.45,0.45,0.45
1944-11-01,0.45,0.45,0.45,0.45
1944-12-01,0.45,0.45,0.45,0.45
1945-01-01,0.52,0.52,0.52,0.52
1945-02-01,0.52,0.52,0.52,0.52
1945-03-01,0.52,0.52,0.52,0.52
1945-04-02,0.52,0.52,0.52,0.52
1945-05-01,0.52,0.52,0.52,0.52
1945-06-01,0.52,0.52,0.52,0.52
1945-07-02,0.52,0.52,0.52,0.52
1945-08-01,0.52,0.52,0.52,0.52
1945-09-03,0.52,0.52,0.52,0.52
1945-10-01,0.52,0.52,0.52,0.52
1945-11-01,0.52,0.52,0.52,0.52
1945-12-03,0.52,0.52,0.52,0.52
1946-01-01,0.8,0.8,0.8,0.8
1946-02-01,0.8,0.8,0.8,0.8
1946-03-01,0.8,0.8,0.8,0.8
1946-04-01,0.8,0.8,0.8,0.8
1946-05-01,0.8,0.8,0.8,0.8
1946-06-03,0.8,0.8,0.8,0.8
1946-07-01,0.8,0.8,0.8,0.8
1946-08-01,0.8,0.8,0.8,0.8
1946-09-02,0.8,0.8,0.8,0.8
1946-10-01,0.8,0.8,0.8,0.8
1946-11-01,0.8,0.8,0.8,0.8
1946-12-02,0.8,0.8,0.8,0.8
1947-01-01,0.72,0.72,0.72,0.72
1947-02-03,0.72,0.72,0.72,0.72
1947-03-03,0.72,0.72,0.72,0.72
1947-04-01,0.72,0.72,0.72,0.72
1947-05-01,0.72,0.72,0.72,0.72
1947-06-02,0.72,0.72,0.72,0.72
1947-07-01,0.72,0.72,0.72,0.72
1947-08-01,0.72,0.72,0.72,0.72
1947-09-01,0.72,0.72,0.72,0.72
1947-10-01,0.72,0.72,0.72,0.72
1947-11-03,0.72,0.72,0.72,0.72
1947-12-01,0.72,0.72,0.72,0.72
1948-01-01,0.74,0.74,0.74,0.74
1948-02-02,0.74,0.74,0.74,0.74
1948-03-01,0.74,0.74,0.74,0.74
1948-04-01,0.74,0.74,0.74,0.74
1948-05-03,0.74,0.74,0.74,0.74
1948-06-01,0.74,0.74,0.74,0.74
1948-07-01,0.74,0.74,0.74,0.74
1948-08-02,0.74,0.74,0.74,0.74
1948-09-01,0.74,0.74,0.74,0.74
1948-10-01,0.74,0.74,0.74,0.74
1948-11-01,0.74,0.74,0.74,0.74
1948-12-01,0.74,0.74,0.74,0.74
1949-01-03,0.72,0.72,0.72,0.72
1949-02-01,0.72,0.72,0.72,0.72
1949-03-01,0.72,0.72,0.72,0.72
1949-04-01,0.72,0.72,0.72,0.72
1949-05-02,0.72,0.72,0.72,0.72
1949-06-01,0.72,0.72,0.72,0.72
1949-07-01,0.72,0.72,0.72,0.72
1949-08-01,0.72,0.72,0.72,0.72
1949-09-01,0.72,0.72,0.72,0.72
1949-10-03,0.72,0.72,0.72,0.72
1949-11-01,0.72,0.72,0.72,0.72
1949-12-01,0.72,0.72,0.72,0.72
1950-01-02,0.74,0.74,0.74,0.74
1950-02-01,0.74,0.74,0.74,0.74
1950-03-01,0.74,0.74,0.74,0.74
1950-04-03,0.74,0.74,0.74,0.74
1950-05-01,0.74,0.74,0.74,0.74
1950-06-01,0.74,0.74,0.74,0.74
1950-07-03,0.74,0.74,0.74,0.74
1950-08-01,0.74,0.74,0.74,0.74
1950-09-01,0.74,0.74,0.74,0.74
1950-10-02,0.74,0.74,0.74,0.74
1950-11-01,0.74,0.74,0.74,0.74
1950-12-01,0.74,0.74,0.74,0.74
1951-01-01,0.89,0.89,0.89,0.89
1951-02-01,0.89,0.89,0.89,0.89
1951-03-01,0.89,0.89,0.89,0.89
1951-04-02,0.89,0.89,0.89,0.89
1951-05-01,0.89,0.89,0.89,0.89
1951-06-01,0.89,0.89,0.89,0.89
1951-07-02,0.89,0.89,0.89,0.89
1951-08-01,0.89,0.89,0.89,0.89
1951-09-03,0.89,0.89,0.89,0.89
1951-10-01,0.89,0.89,0.89,0.89
1951-11-01,0.89,0.89,0.89,0.89
1951-12-03,0.89,0.89,0.89,0.89
1952-01-01,0.85,0.85,0.85,0.85
1952-02-01,0.85,0.85,0.85,0.85
1952-03-03,0.85,0.85,0.85,0.85
1952-04-01,0.85,0.85,0.85,0.85
1952-05-01,0.85,0.85,0.85,0.85
1952-06-02,0.85,0.85,0.85,0.85
1952-07-01,0.85,0.85,0.85,0.85
1952-08-01,0.85,0.85,0.85,0.85
1952-09-01,0.85,0.85,0.85,0.85
1952-10-01,0.85,0.85,0.85,0.85
1952-11-03,0.85,0.85,0.85,0.85
1952-12-01,0.85,0.85,0.85,0.85
1953-01-01,0.85,0.85,0.85,0.85
1953-02-02,0.85,0.85,0.85,0.85
1953-03-02,0.85,0.85,0.85,0.85
1953-04-01,0.85,0.85,0.85,0.85
1953-05-01,0.85,0.85,0.85,0.85
1953-06-01,0.85,0.85,0.85,0.85
1953-07-01,0.85,0.85,0.85,0.85
1953-08-03,0.85,0.85,0.85,0.85
1953-09-01,0.85,0.85,0.85,0.85
1953-10-01,0.85,0.85,0.85,0.85
1953-11-02,0.85,0.85,0.85,0.85
1953-12-01,0.85,0.85,0.85,0.85
1954-01-01,0.85,0.85,0.85,0.85
1954-02-01,0.85,0.85,0.85,0.85
1954-03-01,0.85,0.85,0.85,0.85
1954-04-01,0.85,0.85,0.85,0.85
1954-05-03,0.85,0.85,0.85,0.85
1954-06-01,0.85,0.85,0.85,0.85
1954-07-01,0.85,0.85,0.85,0.85
1954-08-02,0.85,0.85,0.85,0.85
1954-09-01,0.85,0.85,0.85,0.85
1954-10-01,0.85,0.85,0.85,0.85
1954-11-01,0.85,0.85,0.85,0.85
1954-12-01,0.85,0.85,0.85,0.85
1955-01-03,0.89,0.89,0.89,0.89
1955-02-01,0.89,0.89,0.89,0.89
1955-03-01,0.89,0.89,0.89,0.89
1955-04-01,0.89,0.89,0.89,0.89
1955-05-02,0.89,0.89,0.89,0.89
1955-06-01,0.89,0.89,0.89,0.89
1955-07-01,0.89,0.89,0.89,0.89
1955-08-01,0.89,0.89,0.89,0.89
1955-09-01,0.89,0.89,0.89,0.89
1955-10-03,0.89,0.89,0.89,0.89
1955-11-01,0.89,0.89,0.89,0.89
1955-12-01,0.89,0.89,0.89,0.89
1956-01-02,0.92,0.92,0.92,0.92
1956-02-01,0.92,0.92,0.92,0.92
1956-03-01,0.92,0.92,0.92,0.92
1956-04-02,0.92,0.92,0.92,0.92
1956-05-01,0.92,0.92,0.92,0.92
1956-06-01,0.92,0.92,0.92,0.92
1956-07-02,0.92,0.92,0.92,0.92
1956-08-01,0.92,0.92,0.92,0.92
1956-09-03,0.92,0.92,0.92,0.92
1956-10-01,0.92,0.92,0.92,0.92
1956-11-01,0.92,0.92,0.92,0.92
1956-12-03,0.92,0.92,0.92,0.92
1957-01-01,0.92,0.92,0.92,0.92
1957-02-01,0.92,0.92,0.92,0.92
1957-03-01,0.92,0.92,0.92,0.92
1957-04-01,0.92,0.92,0.92,0.92
1957-05-01,0.92,0.92,0.92,0.92
1957-06-03,0.92,0.92,0.92,0.92
1957-07-01,0.92,0.92,0.92,0.92
1957-08-01,0.92,0.92,0.92,0.92
1957-09-02,0.92,0.92,0.92,0.92
1957-10-01,0.92,0.92,0.92,0.92
1957-11-01,0.92,0.92,0.92,0.92
1957-12-02,0.92,0.92,0.92,0.92
1958-01-01,0.89,0.89,0.89,0.89
1958-02-03,0.89,0.89,0.89,0.89
1958-03-03,0.89,0.89,0.89,0.89
1958-04-01,0.89,0.89,0.89,0.89
1958-05-01,0.89,0.89,0.89,0.89
1958-06-02,0.89,0.89,0.89,0.89
1958-07-01,0.89,0.89,0.89,0.89
1958-08-01,0.89,0.89,0.89,0.89
1958-09-01,0.89,0.89,0.89,0.89
1958-10-01,0.89,0.89,0.89,0.89
1958-11-03,0.89,0.89,0.89,0.89
1958-12-01,0.89,0.89,0.89,0.89
1959-01-01,0.92,0.92,0.92,0.92
1959-02-02,0.92,0.92,0.92,0.92
1959-03-02,0.92,0.92,0.92,0.92
1959-04-01,0.92,0.92,0.92,0.92
1959-05-01,0.92,0.92,0.92,0.92
1959-06-01,0.92,0.92,0.92,0.92
1959-07-01,0.92,0.92,0.92,0.92
1959-08-03,0.92,0.92,0.92,0.92
1959-09-01,0.92,0.92,0.92,0.92
1959-10-01,0.92,0.92,0.92,0.92
1959-11-02,0.92,0.92,0.92,0.92
1959-12-01,0.92,0.92,0.92,0.92
1960-01-01,0.92,0.92,0.92,0.92
1960-02-01,0.92,0.92,0.92,0.92
1960-03-01,0.92,0.92,0.92,0.92
1960-04-01,0.92,0.92,0.92,0.92
1960-05-02,0.92,0.92,0.92,0.92
1960-06-01,0.92,0.92,0.92,0.92
1960-07-01,0.92,0.92,0.92,0.92
1960-08-01,0.92,0.92,0.92,0.92
1960-09-01,0.92,0.92,0.92,0.92
1960-10-03,0.92,0.92,0.92,0.92
1960-11-01,0.92,0.92,0.92,0.92
1960-12-01,0.92,0.92,0.92,0.92
1961-01-02,0.93,0.93,0.93,0.93
1961-02-01,0.93,0.93,0.93,0.93
1961-03-01,0.93,0.93,0.93,0.93
1961-04-03,0.93,0.93,0.93,0.93
1961-05-01,0.93,0.93,0.93,0.93
1961-06-01,0.93,0.93,0.93,0.93
1961-07-03,0.93,0.93,0.93,0.93
1961-08-01,0.93,0.93,0.93,0.93
1961-09-01,0.93,0.93,0.93,0.93
1961-10-02,0.93,0.93,0.93,0.93
1961-11-01,0.93,0.93,0.93,0.93
1961-12-01,0.93,0.93,0.93,0.93
1962-01-01,1.09,1.09,1.09,1.09
1962-02-01,1.09,1.09,1.09,1.09
1962-03-01,1.09,1.09,1.09,1.09
1962-04-02,1.09,1.09,1.09,1.09
1962-05-01,1.09,1.09,1.09,1.09
1962-06-01,1.09,1.09,1.09,1.09
1962-07-02,1.09,1.09,1.09,1.09
1962-08-01,1.09,1.09,1.09,1.09
1962-09-03,1.09,1.09,1.09,1.09
1962-10-01,1.09,1.09,1.09,1.09
1962-11-01,1.09,1.09,1.09,1.09
1962-12-03,1.09,1.09,1.09,1.09
1963-01-01,1.29,1.29,1.29,1.29
1963-02-01,1.29,1.29,1.29,1.29
1963-03-01,1.29,1.29,1.29,1.29
1963-04-01,1.29,1.29,1.29,1.29
1963-05-01,1.29,1.29,1.29,1.29
1963-06-03,1.295,1.295,1.295,1.295
1963-07-01,1.296,1.296,1.296,1.296
1963-08-01,1.295,1.295,1.295,1.295
1963-09-02,1.291,1.291,1.291,1.291
1963-10-01,1.294,1.294,1.294,1.294
1963-11-01,1.294,1.294,1.294,1.294
1963-12-02,1.292,1.292,1.292,1.292
1964-01-01,1.292,1.292,1.292,1.292
1964-02-03,1.294,1.294,1.294,1.294
1964-03-02,1.303,1.303,1.303,1.303
1964-04-01,1.293,1.293,1.293,1.293
1964-05-01,1.292,1.292,1.292,1.292
1964-06-01,1.292,1.292,1.292,1.292
1964-07-01,1.294,1.294,1.294,1.294
1964-08-03,1.299,1.299,1.299,1.299
1964-09-01,1.309,1.309,1.309,1.309
1964-10-01,1.3,1.3,1.3,1.3
1964-11-02,1.298,1.298,1.298,1.298
1964-12-01,1.313,1.313,1.313,1.313
1965-01-01,1.302,1.302,1.302,1.302
1965-02-01,1.301,1.301,1.301,1.301
1965-03-01,1.296,1.296,1.296,1.296
1965-04-01,1.3,1.3,1.3,1.3
1965-05-03,1.292,1.292,1.292,1.292
1965-06-01,1.288,1.288,1.288,1.288
1965-07-01,1.29,1.29,1.29,1.29
1965-08-02,1.294,1.294,1.294,1.294
1965-09-01,1.295,1.295,1.295,1.295
1965-10-01,1.293,1.293,1.293,1.293
1965-11-01,1.294,1.294,1.294,1.294
1965-12-01,1.297,1.297,1.297,1.297
1966-01-03,1.295,1.295,1.295,1.295
1966-02-01,1.293,1.293,1.293,1.293
1966-03-01,1.29,1.29,1.29,1.29
1966-04-01,1.295,1.295,1.295,1.295
1966-05-02,1.29,1.29,1.29,1.29
1966-06-01,1.295,1.295,1.295,1.295
1966-07-01,1.301,1.301,1.301,1.301
1966-08-01,1.308,1.308,1.308,1.308
1966-09-01,1.307,1.307,1.307,1.307
1966-10-03,1.296,1.296,1.296,1.296
1966-11-01,1.296,1.296,1.296,1.296
1966-12-01,1.305,1.305,1.305,1.305
1967-01-02,1.293,1.293,1.293,1.293
1967-02-01,1.3,1.3,1.3,1.3
1967-03-01,1.296,1.296,1.296,1.296
1967-04-03,1.304,1.304,1.304,1.304
1967-05-01,1.611,1.611,1.611,1.611
1967-06-01,1.696,1.696,1.696,1.696
1967-07-03,1.844,1.844,1.844,1.844
1967-08-01,1.682,1.682,1.682,1.682
1967-09-01,1.71,1.71,1.71,1.71
1967-10-02,1.878,1.878,1.878,1.878
1967-11-01,2.032,2.032,2.032,2.032
1967-12-01,2.253,2.253,2.253,2.253
1968-01-01,1.932,1.932,1.932,1.932
1968-02-01,2.156,2.156,2.156,2.156
1968-03-01,2.225,2.225,2.225,2.225
1968-04-01,2.345,2.345,2.345,2.345
1968-05-01,2.43,2.43,2.43,2.43
1968-06-03,2.501,2.501,2.501,2.501
1968-07-01,2.205,2.205,2.205,2.205
1968-08-01,2.268,2.268,2.268,2.268
1968-09-02,2.135,2.135,2.135,2.135
1968-10-01,1.908,1.908,1.908,1.908
1968-11-01,1.939,1.939,1.939,1.939
1968-12-02,1.974,1.974,1.974,1.974
1969-01-01,2.001,2.001,2.001,2.001
1969-02-03,1.823,1.823,1.823,1.823
1969-03-03,1.83,1.83,1.83,1.83
1969-04-01,1.767,1.767,1.767,1.767
1969-05-01,1.78,1.78,1.78,1.78
1969-06-02,1.594,1.594,1.594,1.594
1969-07-01,1.602,1.602,1.602,1.602
1969-08-01,1.7,1.7,1.7,1.7
1969-09-01,1.897,1.897,1.897,1.897
1969-10-01,1.995,1.995,1.995,1.995
1969-11-03,1.93,1.93,1.93,1.93
1969-12-01,1.832,1.832,1.832,1.832
1970-01-01,1.84,1.93,1.81,1.91
1970-02-02,1.895,1.925,1.88,1.9
1970-03-02,1.905,1.925,1.86,1.89
1970-04-01,1.9,1.903,1.7,1.71
1970-05-01,1.72,1.745,1.575,1.6
1970-06-01,1.61,1.675,1.59,1.612
1970-07-01,1.625,1.785,1.605,1.775
1970-08-03,1.775,1.86,1.735,1.839
1970-09-01,1.845,1.86,1.705,1.705
1970-10-01,1.697,1.81,1.697,1.803
1970-11-02,1.805,1.83,1.607,1.607
1970-12-01,1.62,1.664,1.57,1.635
1971-01-01,1.655,1.72,1.565,1.604
1971-02-01,1.6,1.628,1.579,1.6
1971-03-01,1.618,1.709,1.618,1.703
1971-04-01,1.724,1.752,1.68,1.698
1971-05-03,1.677,1.714,1.608,1.621
1971-06-01,1.617,1.641,1.568,1.577
1971-07-01,1.595,1.609,1.544,1.595
1971-08-02,1.595,1.616,1.491,1.505
1971-09-01,1.493,1.503,1.384,1.392
1971-10-01,1.393,1.393,1.295,1.307
1971-11-01,1.296,1.344,1.288,1.337
1971-12-01,1.35,1.433,1.35,1.38
1972-01-03,1.387,1.53,1.387,1.52
1972-02-01,1.542,1.542,1.463,1.465
1972-03-01,1.481,1.581,1.481,1.575
1972-04-03,1.605,1.605,1.542,1.584
1972-05-01,1.6,1.605,1.538,1.538
1972-06-01,1.549,1.591,1.548,1.574
1972-07-03,1.57,1.832,1.57,1.82
1972-08-01,1.832,1.909,1.791,1.895
1972-09-01,1.897,1.914,1.674,1.751
1972-10-02,1.763,1.858,1.763,1.834
1972-11-01,1.857,1.885,1.789,1.885
1972-12-01,1.895,2.048,1.895,2.042
1973-01-01,2.032,2.05,1.962,2.046
1973-02-01,2.052,2.49,2.044,2.49
1973-03-01,2.575,2.575,2.185,2.225
1973-04-02,2.217,2.304,2.115,2.182
1973-05-01,2.17,2.62,2.154,2.607
1973-06-01,2.675,2.716,2.487,2.695
1973-07-02,2.69,2.716,2.69,2.716
1973-08-01,2.716,2.716,2.565,2.619
1973-09-03,2.629,2.86,2.55,2.778
1973-10-01,2.76,3.048,2.73,2.857
1973-11-01,2.87,2.98,2.767,2.973
1973-12-03,3.005,3.284,3.005,3.284
1974-01-01,3.345,4.015,3.27,3.945
1974-02-01,4.12,6.7,4.12,5.63
1974-03-01,5.42,5.695,4.985,5.325
1974-04-01,5.24,5.78,4.315,5.78
1974-05-01,5.54,6.06,4.63,4.98
1974-06-03,4.59,5.329,4.59,4.725
1974-07-01,4.6,5.17,3.945,4.91
1974-08-01,4.78,4.78,4.1,4.1
1974-09-02,3.99,4.405,3.85,4.405
1974-10-01,4.485,5.2,4.485,4.91
1974-11-01,4.76,5.16,4.255,4.65
1974-12-02,4.54,4.82,4.085,4.37
1975-01-01,4.27,4.43,3.945,4.095
1975-02-03,4.15,4.59,4.08,4.4
1975-03-03,4.4,4.572,4.21,4.235
1975-04-01,4.275,4.41,4.045,4.34
1975-05-01,4.3,4.685,4.3,4.52
1975-06-02,4.39,4.58,4.39,4.56
1975-07-01,4.5,5.085,4.5,4.96
1975-08-01,5.03,5.225,4.57,4.57
1975-09-01,4.385,4.625,4.385,4.505
1975-10-01,4.525,4.535,4.155,4.155
1975-11-03,4.22,4.46,4.21,4.21
1975-12-01,4.075,4.28,3.91,4.165
1976-01-01,4.165,4.325,3.815,3.965
1976-02-02,4.035,4.225,3.917,4.205
1976-03-01,4.17,4.3,4.045,4.08
1976-04-01,4.065,4.565,4.065,4.455
1976-05-03,4.415,4.655,4.347,4.65
1976-06-01,4.725,4.945,4.66,4.835
1976-07-01,4.95,5.1,4.46,4.535
1976-08-02,4.425,4.425,4.045,4.15
1976-09-01,4.23,4.415,4.14,4.33
1976-10-01,4.36,4.36,4.14,4.325
1976-11-01,4.315,4.525,4.23,4.26
1976-12-01,4.285,4.4,4.285,4.375
1977-01-03,4.37,4.515,4.3,4.47
1977-02-01,4.455,4.72,4.455,4.72
1977-03-01,4.71,4.96,4.71,4.79
1977-04-01,4.845,4.87,4.675,4.712
1977-05-02,4.775,4.796,4.5,4.525
1977-06-01,4.575,4.575,4.323,4.465
1977-07-01,4.415,4.62,4.39,4.5
1977-08-01,4.455,4.57,4.33,4.449
1977-09-01,4.475,4.66,4.43,4.66
1977-10-03,4.65,4.86,4.625,4.855
1977-11-01,4.85,4.945,4.69,4.74
1977-12-01,4.725,4.789,4.61,4.78
1978-01-02,4.91,5.025,4.829,4.941
1978-02-01,4.95,5.035,4.836,4.968
1978-03-01,4.933,5.465,4.933,5.41
1978-04-03,5.396,5.396,4.896,4.985
1978-05-01,4.951,5.408,4.951,5.408
1978-06-01,5.383,5.471,5.23,5.265
1978-07-03,5.259,5.61,5.15,5.577
1978-08-01,5.589,5.678,5.347,5.506
1978-09-01,5.52,5.7,5.428,5.645
1978-10-02,5.66,6.296,5.66,6.17
1978-11-01,5.94,6.05,5.671,5.915
1978-12-01,5.96,6.074,5.83,6.074
1979-01-01,5.97,6.75,5.96,6.75
1979-02-01,6.66,7.93,6.66,7.78
1979-03-01,7.76,7.76,7.12,7.43
1979-04-02,7.54,7.85,7.28,7.85
1979-05-01,7.99,8.77,7.95,8.6
1979-06-01,8.57,8.76,8.3,8.580001
1979-07-02,8.55,9.68,8.55,9.06
1979-08-01,8.95,10.48,8.73,10.48
1979-09-03,10.91,16.85,10.91,16.5
1979-10-01,18,18,15.45,16.4
1979-11-01,16.32,18.77,15.87,18.77
1979-12-03,19.84,28,18.75,28
1980-01-01,37.75,48,33.65,34
1980-02-01,34.8,39,31,35.2
1980-03-03,34.25,36.7,11.1,14.25
1980-04-01,14,16.4,13.1,13.59
1980-05-01,12.15,13.55,10.8,13.55
1980-06-02,14.8,17.65,14.18,16.48
1980-07-01,16.7,16.95,15.15,15.8
1980-08-01,15.57,16.33,15.57,16.15
1980-09-01,16.24,24.25,16.23,20.45
1980-10-01,21.39,21.8,18.47,18.9
1980-11-03,19.4,19.65,17.68,18.77
1980-12-01,18.85,18.85,14.32,15.65
1981-01-01,15.65,16.45,12.72,13.4
1981-02-02,12.99,14.05,12.37,12.4
1981-03-02,11.58,13.25,11.52,11.9
1981-04-01,12.1,12.27,10.9,11.03
1981-05-01,11.14,11.34,10.31,10.65
1981-06-01,10.86,10.86,8.57,8.62
1981-07-01,8.650001,9.1,8.29,8.55
1981-08-03,8.3,9.64,8.3,9.190001
1981-09-01,9.190001,11.65,8.75,9.1
1981-10-01,9.280001,9.63,8.96,9.17
1981-11-02,9.25,9.25,8.030001,8.13
1981-12-01,8.030001,8.92,7.95,8.25
1982-01-01,8.02,8.32,7.81,8.280001
1982-02-01,8.06,8.66,7.79,7.79
1982-03-01,7.82,7.82,6.9,7.06
1982-04-01,7.15,7.59,6.94,7.12
1982-05-03,6.89,6.89,6.26,6.26
1982-06-01,6.03,6.06,4.88,5.94
1982-07-01,5.8,7.31,5.57,6.56
1982-08-02,6.93,8.31,6.22,7.97
1982-09-01,7.64,9.31,7.64,8.11
1982-10-01,8.3,10.34,7.96,10.01
1982-11-01,10.27,10.83,9.18,9.85
1982-12-01,10.08,11.21,10.08,10.9
1983-01-03,10.95,13.86,10.86,13.86
1983-02-01,14.26,14.75,11.95,11.95
1983-03-01,10.63,11.28,10.13,10.63
1983-04-01,10.8,12.37,10.8,11.85
1983-05-02,12.06,13.6,12.06,13.6
1983-06-01,12.63,12.63,11.09,11.6
1983-07-01,11.62,12.5,11.3,12.16
1983-08-01,11.54,12.71,11.52,12.04
1983-09-01,12.19,12.32,11.23,11.23
1983-10-03,10.33,10.43,8.71,8.75
1983-11-01,8.48,9.7,8.34,9.7
1983-12-01,9.46,9.97,8.54,8.95
1984-01-02,8.580001,8.580001,7.9,8.51
1984-02-01,8.73,9.81,8.7,9.59
1984-03-01,9.530001,10.04,9.39,9.73
1984-04-02,9.62,9.62,8.900001,8.900001
1984-05-01,8.98,9.26,8.63,9.21
1984-06-01,9.45,9.45,8.32,8.38
1984-07-02,8.3,8.3,6.9,7.05
1984-08-01,7.09,7.92,7.09,7.45
1984-09-03,7.15,7.64,7.02,7.45
1984-10-01,7.5,7.66,7.14,7.2
1984-11-01,7.35,7.8,7.03,7.03
1984-12-03,7.04,7.14,6.26,6.36
1985-01-01,6.15,6.37,5.8,6.37
1985-02-01,6.23,6.33,5.61,5.65
1985-03-01,5.69,6.74,5.57,6.67
1985-04-01,6.52,6.72,6.16,6.27
1985-05-01,6.16,6.65,6.02,6.21
1985-06-03,6.07,6.39,6.07,6.14
1985-07-01,6.04,6.36,5.905,6.27
1985-08-01,6.19,6.39,6.11,6.26
1985-09-02,6.15,6.17,5.88,6.04
1985-10-01,6.03,6.33,6.03,6.09
1985-11-01,6.15,6.28,6,6.17
1985-12-02,6.04,6.08,5.71,5.83
1986-01-01,5.73,6.2,5.73,6.08
1986-02-03,6.03,6.03,5.61,5.61
1986-03-03,5.51,5.77,5.33,5.33
1986-04-01,5.12,5.47,5.05,5.1
1986-05-01,5.12,5.25,4.87,5.25
1986-06-02,5.16,5.38,5.01,5.13
1986-07-01,5.09,5.11,4.99,5.08
1986-08-01,5.22,5.51,5.11,5.16
1986-09-01,5.19,6,5.19,5.58
1986-10-01,5.57,5.81,5.55,5.65
1986-11-03,5.73,5.81,5.24,5.24
1986-12-01,5.44,5.47,5.27,5.37
1987-01-01,5.44,5.68,5.36,5.52
1987-02-02,5.57,5.57,5.39,5.47
1987-03-02,5.45,6.31,5.45,6.31
1987-04-01,6.28,10.2,6.28,7.83
1987-05-01,8.080001,9.37,7.41,7.61
1987-06-01,7.34,7.86,6.84,7.15
1987-07-01,7.24,8.26,7.24,8.26
1987-08-03,8.64,8.8,7.39,7.45
1987-09-01,7.28,7.72,7.28,7.59
1987-10-01,7.51,8.2,6.91,6.95
1987-11-02,6.98,7.07,6.36,7.07
1987-12-01,6.99,7,6.6,6.7
1988-01-01,6.52,7,6.5,6.5
1988-02-01,6.56,6.58,6.12,6.12
1988-03-01,6.25,6.73,6.16,6.71
1988-04-01,6.83,6.83,6.37,6.45
1988-05-02,6.43,6.76,6.34,6.630001
1988-06-01,6.8,7.37,6.630001,6.68
1988-07-01,6.76,7.82,6.71,6.82
1988-08-01,6.880001,6.880001,6.5,6.57
1988-09-01,6.58,6.630001,6.12,6.15
1988-10-03,6.26,6.42,6.21,6.31
1988-11-01,6.27,6.47,6.01,6.11
1988-12-01,6.09,6.21,6.01,6.02
1989-01-02,6.07,6.17,5.82,5.82
1989-02-01,5.89,5.99,5.8,5.86
1989-03-01,5.79,6.14,5.76,5.79
1989-04-03,5.8,5.87,5.62,5.62
1989-05-01,5.66,5.67,5.12,5.17
1989-06-01,5.21,5.47,5.14,5.16
1989-07-03,5.25,5.41,5.16,5.28
1989-08-01,5.26,5.32,5.06,5.06
1989-09-01,5.05,5.29,5.02,5.22
1989-10-02,5.23,5.25,5.05,5.17
1989-11-01,5.17,5.84,5.17,5.74
1989-12-01,5.69,5.74,5.14,5.18
1990-01-01,5.21,5.34,5.19,5.2
1990-02-01,5.27,5.39,5.1,5.11
1990-03-01,5.14,5.14,4.91,4.96
1990-04-02,4.94,5.17,4.92,4.96
1990-05-01,5.02,5.3,5,5.08
1990-06-01,5.05,5.07,4.78,4.9
1990-07-02,4.92,5.01,4.8,4.81
1990-08-01,4.8,5.33,4.47,4.78
1990-09-03,4.83,4.94,4.72,4.77
1990-10-01,4.77,4.86,4.06,4.17
1990-11-01,4.17,4.4,4.08,4.14
1990-12-03,4.15,4.34,3.95,4.21
1991-01-01,4.13,4.5,3.75,3.84
1991-02-01,3.84,3.98,3.46,3.74
1991-03-01,3.74,4.21,3.72,3.85
1991-04-01,3.885,4.14,3.84,3.99
1991-05-01,3.96,4.19,3.94,4.12
1991-06-03,4.18,4.62,4.12,4.42
1991-07-01,4.45,4.56,4,4.08
1991-08-01,4.08,4.11,3.81,3.83
1991-09-02,3.83,4.27,3.83,4.14
1991-10-01,4.17,4.22,4.03,4.1
1991-11-01,4.08,4.18,3.99,4.08
1991-12-02,4.09,4.1,3.82,3.9
1992-01-01,3.86,4.39,3.86,4.17
1992-02-03,4.18,4.27,4.05,4.11
1992-03-02,4.09,4.19,4.01,4.13
1992-04-01,4.16,4.16,3.93,4
1992-05-01,4.01,4.15,3.99,4.01
1992-06-01,3.99,4.14,3.98,4.04
1992-07-01,4.05,4.09,3.85,3.93
1992-08-03,3.91,4,3.64,3.72
1992-09-01,3.72,3.9,3.68,3.75
1992-10-01,3.75,3.83,3.7,3.76
1992-11-02,3.76,3.96,3.64,3.74
1992-12-01,3.74,3.79,3.66,3.68
1993-01-01,3.64,3.74,3.64,3.66
1993-02-01,3.65,3.77,3.54,3.59
1993-03-01,3.58,3.9,3.55,3.88
1993-04-01,3.85,4.39,3.79,4.39
1993-05-03,4.38,4.72,4.23,4.6
1993-06-01,4.6,4.64,4.18,4.55
1993-07-01,4.53,5.4,4.53,5.4
1993-08-02,5.36,5.46,4.51,4.84
1993-09-01,4.82,4.84,3.91,4.06
1993-10-01,4.08,4.58,4.03,4.36
1993-11-01,4.25,4.74,4.18,4.44
1993-12-01,4.56,5.13,4.56,5.09
1994-01-03,5.1,5.33,4.94,5.14
1994-02-01,5.11,5.47,5.11,5.35
1994-03-01,5.35,5.79,5.17,5.74
1994-04-01,5.75,5.8,5.1,5.34
1994-05-02,5.34,5.75,5.09,5.52
1994-06-01,5.52,5.64,5.21,5.38
1994-07-01,5.36,5.46,5.13,5.31
1994-08-01,5.32,5.46,5.05,5.43
1994-09-01,5.42,5.73,5.37,5.59
1994-10-03,5.66,5.66,5.25,5.25
1994-11-01,5.28,5.32,4.9,4.9
1994-12-01,4.91,4.91,4.57,4.87
1995-01-02,4.73,4.91,4.6,4.66
1995-02-01,4.66,4.83,4.5,4.53
1995-03-01,4.39,5.3,4.39,5.3
1995-04-03,5.29,5.86,5.24,5.72
1995-05-01,5.85,6.1,5.27,5.3
1995-06-01,5.35,5.55,5.06,5.06
1995-07-03,5.1,5.35,5.05,5.05
1995-08-01,5.31,5.8,5.1,5.35
1995-09-01,5.35,5.55,5.22,5.48
1995-10-02,5.3,5.45,5.29,5.35
1995-11-01,5.31,5.43,5.17,5.24
1995-12-01,5.22,5.3,5.11,5.16
1996-01-01,5.4,5.61,5.38,5.57
1996-02-01,5.78,5.86,5.46,5.5
1996-03-01,5.5,5.69,5.39,5.53
1996-04-01,5.55,5.56,5.26,5.3
1996-05-01,5.39,5.49,5.29,5.33
1996-06-03,5.38,5.38,5.01,5.02
1996-07-01,5.06,5.15,4.94,5.15
1996-08-01,5.11,5.27,5.04,5.16
1996-09-02,5.16,5.17,4.85,4.87
1996-10-01,4.9,5.05,4.81,4.81
1996-11-01,4.8,4.96,4.71,4.74
1996-12-02,4.7,5.03,4.7,5.03
1997-01-01,4.75,5.04,4.64,4.92
1997-02-03,4.91,5.33,4.85,5.33
1997-03-03,5.29,5.29,5.04,5.06
1997-04-01,5.03,5.04,4.61,4.67
1997-05-01,4.68,4.93,4.64,4.72
1997-06-02,4.74,4.9,4.63,4.63
1997-07-01,4.67,4.69,4.19,4.48
1997-08-01,4.47,4.82,4.33,4.72
1997-09-01,4.76,5.11,4.58,5.09
1997-10-01,5.07,5.12,4.89,4.98
1997-11-03,4.91,5.11,4.91,5.11
1997-12-01,5.97,6.39,5.82,6
1998-01-01,5.92,5.92,5.85,5.85
1998-02-02,6.76,7.28,6.02,6.02
1998-03-02,6.35,6.45,5.88,6.41
1998-04-01,6.36,6.67,6.21,6.31
1998-05-01,6.16,6.26,5.27,5.27
1998-06-01,5.34,5.37,5.17,5.32
1998-07-01,5.46,5.65,5.32,5.65
1998-08-03,5.35,5.42,4.65,4.67
1998-09-01,4.95,5.04,4.95,5.04
1998-10-01,4.92,5.07,4.84,5.07
1998-11-02,4.95,5.14,4.86,4.86
1998-12-01,4.87,5.07,4.62,5.02
1999-01-01,4.92,5.36,4.92,5.23
1999-02-01,5.32,5.78,5.32,5.63
1999-03-01,5.54,5.54,4.96,4.96
1999-04-01,4.98,5.4,4.87,5.4
1999-05-03,4.89,5.53,4.88,4.88
1999-06-01,4.98,5.24,4.87,5.22
1999-07-01,5.25,5.45,5.02,5.43
1999-08-02,5.43,5.56,5.07,5.15
1999-09-01,5.17,5.93,5.08,5.62
1999-10-01,5.58,5.73,5.16,5.21
1999-11-01,5.38,5.38,5.02,5.2
1999-12-01,5.19,5.43,5.03,5.4
2000-01-03,5.4,5.4,5.09,5.23
2000-02-01,5.24,5.54,5.04,5.06
2000-03-01,5.06,5.25,4.91,5
2000-04-03,5,5.19,4.92,4.95
2000-05-01,4.95,5.12,4.88,4.91
2000-06-01,4.91,5.13,4.89,5.02
2000-07-03,5.01,5.02,4.9,4.98
2000-08-01,4.99,5.01,4.77,4.96
2000-09-01,4.96,4.96,4.81,4.87
2000-10-02,4.87,4.97,4.69,4.73
2000-11-01,4.75,4.93,4.6,4.68
2000-12-01,4.68,4.77,4.55,4.59
2001-01-01,4.6,4.92,4.47,4.77
2001-02-01,4.78,4.81,4.39,4.47
2001-03-01,4.48,4.57,4.29,4.29
2001-04-02,4.29,4.52,4.28,4.33
2001-05-01,4.33,4.69,4.195,4.39
2001-06-01,4.39,4.53,4.29,4.31
2001-07-02,4.3,4.39,4.2,4.23
2001-08-01,4.23,4.29,4.13,4.18
2001-09-03,4.19,4.74,4.14,4.63
2001-10-01,4.63,4.69,4.19,4.21
2001-11-01,4.23,4.28,4.05,4.16
2001-12-03,4.16,4.67,4.14,4.61
2002-01-01,4.61,4.87,4.23,4.23
2002-02-01,4.24,4.615,4.24,4.5
2002-03-01,4.5,4.695,4.45,4.63
2002-04-01,4.63,4.74,4.41,4.53
2002-05-01,4.53,5.06,4.52,5
2002-06-03,5,5.135,4.66,4.82
2002-07-01,4.82,5.15,4.57,4.59
2002-08-01,4.59,4.725,4.32,4.45
2002-09-02,4.45,4.69,4.43,4.52
2002-10-01,4.52,4.57,4.25,4.5
2002-11-01,4.5,4.67,4.38,4.43
2002-12-02,4.43,4.85,4.38,4.77
2003-01-01,4.77,4.97,4.6,4.83
2003-02-03,4.83,4.98,4.46,4.59
2003-03-03,4.59,4.7,4.34,4.45
2003-04-01,4.45,4.66,4.36,4.64
2003-05-01,4.64,4.88,4.51,4.52
2003-06-02,4.52,4.64,4.43,4.55
2003-07-01,4.55,5.22,4.54,5.13
2003-08-01,5.13,5.17,4.83,5.1
2003-09-01,5.1,5.35,4.95,5.11
2003-10-01,5.1,5.2,4.73,5.04
2003-11-03,5.04,5.45,4.9,5.34
2003-12-01,5.33,6,5.33,5.93
2004-01-01,5.93,6.74,5.93,6.23
2004-02-02,6.22,6.86,5.95,6.68
2004-03-01,6.69,7.92,6.54,7.91
2004-04-01,7.9,8.44,5.54,6.06
2004-05-03,6.06,6.23,5.45,6.16
2004-06-01,6.16,6.19,5.54,5.8
2004-07-01,5.79,6.745,5.79,6.52
2004-08-02,6.55,6.98,6.38,6.74
2004-09-01,6.73,6.92,6.04,6.88
2004-10-01,6.9,7.48,6.66,7.24
2004-11-01,7.13,7.8,6.9,7.69
2004-12-01,7.7,8.155,6.57,6.79
2005-01-03,6.79,6.865,6.26,6.71
2005-02-01,6.72,7.72,6.47,7.28
2005-03-01,7.29,7.62,6.82,7.1
2005-04-01,7.11,7.33,6.87,6.89
2005-05-02,6.9,7.45,6.785,7.37
2005-06-01,7.37,7.64,7,7.02
2005-07-01,7.02,7.235,6.83,7.19
2005-08-01,7.21,7.32,6.66,6.82
2005-09-01,6.81,7.59,6.76,7.45
2005-10-03,7.415,7.89,7.32,7.56
2005-11-01,7.55,8.385,7.38,8.23
2005-12-01,8.24,9.235,8.19,8.81
2006-01-02,8.81,9.93,8.71,9.81
2006-02-01,9.83,9.93,9.06,9.74
2006-03-01,9.74,11.928,9.67,11.518
2006-04-03,11.518,14.75,11.518,13.725
2006-05-01,13.725,15.24,11.95,12.545
2006-06-01,12.545,12.575,9.455,11.1
2006-07-03,11.1,11.82,10.46,11.435
2006-08-01,11.435,12.92,11.3,12.849
2006-09-01,12.849,13.275,10.29,11.438
2006-10-02,11.438,12.29,10.57,12.285
2006-11-01,12.285,13.995,12.265,13.945
2006-12-01,13.945,14.185,12.293,12.91
2007-01-01,12.91,13.648,12.048,13.505
2007-02-01,13.505,14.728,13.233,14.115
2007-03-01,14.115,14.335,12.41,13.383
2007-04-02,13.383,14.12,13.013,13.405
2007-05-01,13.405,13.59,12.708,13.43
2007-06-01,13.43,13.82,12.143,12.428
2007-07-02,12.423,13.51,12.355,12.88
2007-08-01,12.88,13.2,11.081,12.078
2007-09-03,12.078,13.87,12.013,13.763
2007-10-01,13.763,14.585,13.085,14.52
2007-11-01,14.52,16.225,13.805,13.985
2007-12-03,13.985,14.914,13.61,14.803
2008-01-01,14.803,17.0175,14.793,16.92
2008-02-01,16.92,19.95,16.205,19.815
2008-03-03,19.815,21.355,16.65,17.245
2008-04-01,17.245,18.76,16.288,16.88
2008-05-01,16.88,18.343,16,16.877
2008-06-02,16.877,17.869,16.248,17.41
2008-07-01,17.41,19.478,16.835,17.753
2008-08-01,17.753,17.793,12.125,13.605
2008-09-01,13.605,13.793,10.228,12.03
2008-10-01,12.03,12.966,8.458,9.85
2008-11-03,9.85,10.798,8.81,10.308
2008-12-01,10.3,11.604,9.15,11.39
2009-01-01,11.39,12.683,10.3505,12.678
2009-02-02,12.678,14.64,12.1855,13.133
2009-03-02,13.145,13.9075,11.923,12.973
2009-04-01,12.973,13.228,11.82,12.383
2009-05-01,12.383,15.748,12.0655,15.74
2009-06-01,15.77,16.241,13.483,13.602
2009-07-01,13.602,14.1095,12.4625,13.933
2009-08-03,13.933,15.1945,13.512,14.909
2009-09-01,14.909,17.66,14.6515,16.648
2009-10-01,16.648,18.1005,15.9135,16.309
2009-11-02,16.316,18.932,16.25,18.496
2009-12-01,18.496,19.4675,16.7425,16.861
2010-01-01,16.861,18.891,16.013,16.208
2010-02-01,16.238,16.9365,14.6535,16.47
2010-03-01,16.47,17.6385,16.328,17.48
2010-04-01,17.48,18.76,17.47,18.64
2010-05-03,18.652,19.8225,17.0735,18.564
2010-06-01,18.564,19.468,17.193,18.621
2010-07-01,18.621,18.669,17.338,18.018
2010-08-02,18.005,19.408,17.758,19.369
2010-09-01,19.369,22.084,19.294,21.754
2010-10-01,21.754,24.917,21.715,24.748
2010-11-01,24.725,29.345,23.941,28.088
2010-12-01,28.088,30.948,27.977,30.91
2011-01-03,30.91,31.251,26.398,28.07
2011-02-01,28.07,34.338,27.879,33.889
2011-03-01,33.889,38.16184,33.5755,37.65517
2011-04-01,37.65517,49.81428,37.0767,47.905
2011-05-02,47.995,48.17275,32.343,38.5179
2011-06-01,38.5179,38.52096,33.38756,34.68933
2011-07-01,34.68933,41.45287,33.46725,39.895
2011-08-01,39.8625,44.21831,37.00657,41.56206
2011-09-01,41.56206,43.39515,26.10174,29.92132
2011-10-03,29.975,35.67551,28.43533,34.29489
2011-11-01,34.29489,35.33869,30.68261,32.81673
2011-12-01,32.81673,33.69044,26.17557,27.84517
2012-01-02,27.84517,34.12816,27.84517,33.16421
2012-02-01,33.16421,37.50884,32.65512,34.65708
2012-03-01,34.65708,35.65172,31.10798,32.24274
2012-04-02,32.24374,33.30057,29.98207,31.02702
2012-05-01,31.02702,31.34335,26.7703,27.7148
2012-06-01,27.7148,29.90471,26.1385,27.49413
2012-07-02,27.49413,28.46912,26.48325,27.98533
2012-08-01,27.98533,31.77165,27.00085,31.72219
2012-09-03,31.72219,35.19678,31.53793,34.48978
2012-10-01,34.48978,35.39923,31.52892,32.24992
2012-11-01,32.24992,34.40722,30.6646,33.42159
2012-12-03,33.42159,33.85026,29.60153,30.287685
2013-01-01,30.287685,32.47731,29.23146,31.451515
2013-02-01,31.451515,32.15108,28.28498,28.538645
2013-03-01,28.538645,29.36465,27.95367,28.34445
2013-04-01,28.34445,28.39632,22.06088,24.340745
2013-05-01,24.340745,24.445065,20.269995,22.266995
2013-06-03,22.266995,22.982365,18.21872,19.67184
2013-07-01,19.67184,20.612655,18.713305,19.85025
2013-08-01,19.85025,25.11928,19.166105,23.524085
2013-09-02,23.524085,24.495735,21.206005,21.70003
2013-10-01,21.70003,23.089,20.50844,21.911895
2013-11-01,21.911895,22.07119,19.59687,19.99036
2013-12-02,19.99036,20.490615,18.64132,19.45357
2014-01-01,19.45357,20.62452,19.008255,19.17903
2014-02-03,19.17903,22.17988,19.08832,21.22403
2014-03-03,21.22403,21.785825,19.57927,19.773005
2014-04-01,19.773005,20.39808,18.95197,19.198955
2014-05-01,19.198955,19.99379,18.58809,18.82233
2014-06-02,18.82233,21.20613,18.67135,21.032485
2014-07-01,21.032485,21.57831,20.31341,20.393555
2014-08-01,20.393555,20.549175,19.32127,19.46315
2014-09-01,19.46315,19.53854,16.87253,16.976085
2014-10-01,16.976085,17.824625,15.76637,16.159315
2014-11-03,16.159315,16.72888,15.06909,15.451415
2014-12-01,15.451415,17.32212,14.3295,15.59974
2015-01-01,15.59974,18.49,15.5416,17.24308
2015-02-02,17.24308,17.75105,16.08972,16.599115
2015-03-02,16.599115,17.41695,15.294105,16.660995
2015-04-01,16.660995,17.325045,15.604205,16.15339
2015-05-01,16.15339,17.77883,15.917275,16.74658
2015-06-01,16.74658,17.188055,15.49069,15.73206
2015-07-01,15.73206,15.94206,14.379215,14.78433
2015-08-03,14.78433,15.68039,13.98365,14.633455
2015-09-01,14.633455,15.446675,14.287775,14.517785
2015-10-01,14.517785,16.36205,14.40099,15.55613
2015-11-02,15.55613,15.566565,13.91839,14.084555
2015-12-01,14.084555,14.64647,13.64952,13.83688
2016-01-01,13.83688,14.57413,13.74983,14.270355
2016-02-01,14.270355,15.955035,14.20305,14.914745
2016-03-01,14.914745,16.14061,14.72535,15.43907
2016-04-01,15.43907,17.96135,14.79035,17.83992
2016-05-02,17.83992,18.01488,15.9051,15.993825
2016-06-01,15.993825,18.8131,15.82215,18.71444
2016-07-01,18.71444,21.145285,18.71444,20.33693
2016-08-01,20.33693,20.78443,18.39602,18.66028
2016-09-01,18.66028,20.13724,18.5954,19.18112
2016-10-03,19.18112,19.31858,17.0971,17.898145
2016-11-01,17.898145,19.005785,16.174305,16.51112
2016-12-01,16.51112,17.2341,15.63445,15.94306
2017-01-02,15.94306,17.61722,15.90759,17.566195
2017-02-01,17.566195,18.48885,17.26824,18.30975
2017-03-01,18.30975,18.46917,16.82963,18.26015
2017-04-03,18.26015,18.67929,17.16711,17.20681
2017-05-01,17.20681,17.48023,16.06188,17.32989
2017-06-01,17.32989,17.75241,16.27416,16.621165
2017-07-03,16.621165,16.88192,15.1897,16.83274
2017-08-01,16.83274,17.66742,16.13324,17.57051
2017-09-01,17.57051,18.21535,16.62624,16.654145
2017-10-02,16.654145,17.46804,16.33539,16.713385
2017-11-01,16.713385,17.38446,16.3212,16.441825
2017-12-01,16.441825,17.11367,15.62286,16.93573
2018-01-01,16.93573,17.70466,16.75181,17.33916
2018-02-01,17.33916,17.39966,16.19126,16.413175
2018-03-01,16.413175,16.86502,16.12406,16.366635
2018-04-02,16.366635,17.35596,16.19084,16.33112
2018-05-01,16.33112,16.83413,16.05655,16.42689
2018-06-01,16.42689,17.31742,15.92387,16.11081
2018-07-02,16.11081,16.21606,15.18035,15.51587
2018-08-01,15.51587,15.55544,14.33922,14.5365
2018-09-03,14.5365,14.71925,13.94479,14.6547
2018-10-01,14.6547,14.91101,14.24483,14.24876
2018-11-01,14.24876,14.91452,13.89969,14.18319
2018-12-03,14.18319,15.50926,14.18319,15.49518
2019-01-01,15.49518,16.1856,15.18598,16.06786
2019-02-01,16.06786,16.2526,15.49288,15.61218
2019-03-01,15.61218,15.6387,14.98061,15.12521
2019-04-01,15.12521,15.34396,14.75539,14.95328
2019-05-01,14.95328,14.97752,14.2972,14.59171
2019-06-03,14.59171,15.55591,14.58462,15.31696
2019-07-01,15.31696,16.65224,14.8999,16.262
2019-08-01,16.262,18.65448,15.92392,18.37402
2019-09-02,18.37402,19.65048,16.93106,17.00268
2019-10-01,17.00268,18.33246,16.89866,18.10757
2019-11-01,18.10757,18.2233,16.64993,17.0173
2019-12-02,17.0173,18.1464,16.5312,17.85219
2020-01-01,17.85219,18.85916,17.33972,18.04198
2020-02-03,18.04198,18.94776,16.39658,16.67323
2020-03-02,16.67323,17.60936,11.64116,13.97396
2020-04-01,13.97396,15.84532,13.82278,14.96492
2020-05-01,14.96492,17.91726,14.71306,17.8706
2020-06-01,17.8706,18.38958,16.95065,18.18769
2020-07-01,18.18769,26.20372,17.76689,24.41258
2020-08-03,24.41258,29.85876,23.44522,28.1374
2020-09-01,28.1374,28.90226,21.66265,23.23319
2020-10-01,23.23319,25.56324,22.59124,23.65092
2020-11-02,23.65092,26.01176,21.89956,22.62652
2020-12-01,22.62652,27.4119,22.58942,26.39972
2021-01-01,26.39972,27.9272,24.018,26.991
2021-02-01,26.991,30.1365,25.903,26.6715
2021-03-01,26.6715,27.081,23.7805,24.414
2021-04-01,24.414,26.6463,24.2545,25.929
2021-05-03,25.929,28.7515,25.8088,28.0405
2021-06-01,28.0405,28.5585,25.525,26.12915
2021-07-01,26.12915,26.774,24.49536,25.4915
2021-08-02,25.4915,26.0055,22.102,23.89455
2021-09-01,23.89455,24.8715,21.4238,22.1765
2021-10-01,22.1765,24.8285,21.9923,23.894
2021-11-01,23.894,25.4055,22.6935,22.838
2021-12-01,22.838,23.4355,21.427,23.306
2022-01-03,23.306,24.7025,21.9475,22.4675
2022-02-01,22.4675,25.62185,22.00695,24.46
2022-03-01,24.46,26.94865,23.973,24.7875
2022-04-01,24.7875,26.2225,22.6839,22.7675
2022-05-02,22.7675,23.28235,20.45765,21.556
2022-06-01,21.556,22.5175,20.21415,20.284
2022-07-01,20.284,20.368,18.1423,20.358
2022-08-01,20.358,20.8732,17.9385,17.9925
2022-09-01,17.9925,20.014,17.559,19.036
2022-10-03,19.036,21.24015,18.091,19.166
2022-11-01,19.166,22.24965,18.836,22.1955
2022-12-01,22.1955,24.3008,22.0229,23.967
2023-01-02,23.967,24.55,22.7598,23.732
2023-02-01,23.732,24.637,20.4214,20.9005
2023-03-01,20.9005,24.16255,19.9021,24.1
2023-04-03,24.1,26.086,23.5715,25.0555
2023-05-01,25.0555,26.1354,22.67785,23.515
2023-06-01,23.515,24.5265,22.11245,22.769
2023-07-03,22.769,25.269,22.525,24.753
2023-08-01,24.753,25.0145,22.2245,24.4375
2023-09-01,24.4375,24.82965,22.114,22.19
2023-10-02,22.19,23.701,20.687,22.859
2023-11-01,22.859,25.2895,21.883,25.27
2023-12-01,25.27,25.90525,22.512,23.789
2024-01-01,23.789,24.095,21.9275,22.941
2024-02-01,22.941,23.501,21.934,22.6705
2024-03-01,22.6705,25.7785,22.509,24.9665
2024-04-01,24.9665,29.798,24.7465,26.2926
2024-05-01,26.2926,32.5185,26.0185,30.4065
2024-06-03,30.4065,31.54865,28.5722,29.1435
2024-07-01,29.10055,31.755,27.308,29.005
2024-08-01,29.0409,30.1915,26.471,28.8655
2024-09-02,28.8055,32.715,27.6865,31.1575
2024-10-01,31.1305,34.869,30.12,32.663
2024-11-01,32.6645,33.124,29.643,30.6225
2024-12-02,30.523,32.333,28.7465,28.9015
2025-01-01,28.9575,31.7385,28.9425,31.324
2025-02-03,31.3635,33.3945,30.68635,31.1505
2025-03-03,31.2105,34.588,31.1225,34.08945
2025-04-01,34.0765,34.217,28.315,32.6205
2025-05-01,32.645,33.702,31.6525,32.9862
2025-06-02,33.045,37.318,32.9595,36.1144
2025-07-01,36.114,39.52775,35.8045,36.7148
2025-08-01,36.72715,39.9712,36.3618,39.6915
2025-09-01,39.7275,47.1815,39.5475,46.6419
2025-10-01,46.6693,54.48525,45.5505,48.7037
2025-11-03,48.6318,56.54215,46.88,56.3935
2025-12-01,56.78905,84.03015,56.18715,71.6445
2026-01-01,71.83665,121.67175,71.429,85.1885
2026-02-02,81.8283,92.20495,71.3157,90.78825